{"cameraMode":{"drawMode":0,"name":"Shaded","section":"Shading Mode"},"sceneLighting":true,"audioPlay":false,"sceneViewState":{"showFog":true,"showMaterialUpdate":true,"showSkybox":true,"showFlares":true,"showImageEffects":true,"showParticleSystems":true},"in2DMode":false,"pivot":{"x":1.0559903383255005,"y":1.143739104270935,"z":-0.9085928201675415},"rotation":{"x":0.37772855162620547,"y":-0.005013042129576206,"z":0.0019849331583827736,"w":0.9260039329528809},"size":2.1636674404144289,"orthographic":false}