{"cameraMode":{"drawMode":0,"name":"Shaded","section":"Shading Mode"},"sceneLighting":true,"audioPlay":false,"sceneViewState":{"showFog":true,"showMaterialUpdate":true,"showSkybox":true,"showFlares":true,"showImageEffects":true,"showParticleSystems":true},"in2DMode":false,"pivot":{"x":1.1940042972564698,"y":0.7337466478347778,"z":-0.8245130777359009},"rotation":{"x":-0.4436503052711487,"y":-0.06123017519712448,"z":0.03037894144654274,"w":-0.8936295509338379},"size":2.559098720550537,"orthographic":false}