{"cameraMode":{"drawMode":0,"name":"Shaded","section":"Shading Mode"},"sceneLighting":true,"audioPlay":false,"sceneViewState":{"showFog":true,"showMaterialUpdate":true,"showSkybox":true,"showFlares":true,"showImageEffects":true,"showParticleSystems":true},"in2DMode":false,"pivot":{"x":1.3310633897781373,"y":-7.381934642791748,"z":41.19377899169922},"rotation":{"x":0.10746143013238907,"y":0.019570328295230867,"z":-0.0024547195062041284,"w":0.9942001700401306},"size":45.198055267333987,"orthographic":false}