{"cameraMode":{"drawMode":0,"name":"Shaded","section":"Shading Mode"},"sceneLighting":true,"audioPlay":false,"sceneViewState":{"showFog":true,"showMaterialUpdate":true,"showSkybox":false,"showFlares":true,"showImageEffects":true,"showParticleSystems":true},"in2DMode":false,"pivot":{"x":0.11772800981998444,"y":0.4497169256210327,"z":-1.0173265933990479},"rotation":{"x":0.3837739825248718,"y":0.0626896545290947,"z":-0.02656741440296173,"w":0.9210810661315918},"size":1.5110466480255128,"orthographic":false}