{"cameraMode":{"drawMode":0,"name":"Shaded","section":"Shading Mode"},"sceneLighting":true,"audioPlay":false,"sceneViewState":{"showFog":true,"showMaterialUpdate":true,"showSkybox":true,"showFlares":true,"showImageEffects":true,"showParticleSystems":true},"in2DMode":false,"pivot":{"x":-1.3773303031921387,"y":-0.6234935522079468,"z":-3.173631191253662},"rotation":{"x":0.07435597479343414,"y":-0.9275946617126465,"z":0.24382269382476808,"w":0.2740591764450073},"size":4.012308597564697,"orthographic":false}