{"cameraMode":{"drawMode":0,"name":"Shaded","section":"Shading Mode"},"sceneLighting":true,"audioPlay":false,"sceneViewState":{"showFog":true,"showMaterialUpdate":true,"showSkybox":true,"showFlares":true,"showImageEffects":true,"showParticleSystems":true},"in2DMode":false,"pivot":{"x":-0.04366586357355118,"y":1.2958948612213135,"z":-0.4353582262992859},"rotation":{"x":-0.1061917096376419,"y":0.5445920825004578,"z":-0.06945908069610596,"w":-0.8292742371559143},"size":2.724097967147827,"orthographic":false}