{"cameraMode":{"drawMode":0,"name":"Shaded","section":"Shading Mode"},"sceneLighting":true,"audioPlay":false,"sceneViewState":{"showFog":true,"showMaterialUpdate":true,"showSkybox":true,"showFlares":true,"showImageEffects":true,"showParticleSystems":true},"in2DMode":false,"pivot":{"x":0.2668900787830353,"y":0.650039553642273,"z":1.3937442302703858},"rotation":{"x":0.15901392698287965,"y":0.06729576736688614,"z":-0.013034071773290635,"w":0.9851564168930054},"size":4.012308597564697,"orthographic":false}