{"cameraMode":{"drawMode":0,"name":"Shaded","section":"Shading Mode"},"sceneLighting":true,"audioPlay":false,"sceneViewState":{"showFog":true,"showMaterialUpdate":true,"showSkybox":true,"showFlares":true,"showImageEffects":true,"showParticleSystems":true},"in2DMode":false,"pivot":{"x":-1.0470637083053589,"y":0.5954894423484802,"z":1.8007798194885255},"rotation":{"x":0.17609214782714845,"y":-0.22176305949687959,"z":0.03847271203994751,"w":0.9585669636726379},"size":4.012308597564697,"orthographic":false}