{"cameraMode":{"drawMode":0,"name":"Shaded","section":"Shading Mode"},"sceneLighting":true,"audioPlay":false,"sceneViewState":{"showFog":true,"showMaterialUpdate":true,"showSkybox":true,"showFlares":true,"showImageEffects":true,"showParticleSystems":true},"in2DMode":false,"pivot":{"x":-1.5136845111846924,"y":2.0724737644195558,"z":0.954505205154419},"rotation":{"x":-0.06784950196743012,"y":-0.14847876131534577,"z":-0.010439055040478707,"w":0.9866685271263123},"size":3.6240978240966799,"orthographic":false}