{"cameraMode":{"drawMode":0,"name":"Shaded","section":"Shading Mode"},"sceneLighting":false,"audioPlay":false,"sceneViewState":{"showFog":true,"showMaterialUpdate":true,"showSkybox":false,"showFlares":true,"showImageEffects":true,"showParticleSystems":true},"in2DMode":false,"pivot":{"x":-0.3019999861717224,"y":0.502068281173706,"z":0.5889999866485596},"rotation":{"x":-0.4934978485107422,"y":-0.06718926876783371,"z":0.03827438876032829,"w":-0.8663085699081421},"size":1.7862918376922608,"orthographic":false}