{"cameraMode":{"drawMode":0,"name":"Shaded","section":"Shading Mode"},"sceneLighting":false,"audioPlay":false,"sceneViewState":{"showFog":true,"showMaterialUpdate":true,"showSkybox":false,"showFlares":true,"showImageEffects":true,"showParticleSystems":true},"in2DMode":false,"pivot":{"x":-1.1299999952316285,"y":0.5400000214576721,"z":2.2809998989105226},"rotation":{"x":-0.05128099024295807,"y":-0.017981762066483499,"z":0.0009067625505849719,"w":-0.9985733032226563},"size":1.1667261123657227,"orthographic":false}