{"cameraMode":{"drawMode":0,"name":"Shaded","section":"Shading Mode"},"sceneLighting":true,"audioPlay":false,"sceneViewState":{"showFog":true,"showMaterialUpdate":true,"showSkybox":false,"showFlares":true,"showImageEffects":true,"showParticleSystems":true},"in2DMode":false,"pivot":{"x":-0.25908541679382326,"y":0.8148688077926636,"z":-1.143234372138977},"rotation":{"x":0.37906748056411745,"y":0.01580106094479561,"z":-0.006567587610334158,"w":0.9253195524215698},"size":1.1862919330596924,"orthographic":false}