{"cameraMode":{"drawMode":0,"name":"Shaded","section":"Shading Mode"},"sceneLighting":true,"audioPlay":false,"sceneViewState":{"showFog":true,"showMaterialUpdate":true,"showSkybox":true,"showFlares":true,"showImageEffects":true,"showParticleSystems":true},"in2DMode":false,"pivot":{"x":-0.277977854013443,"y":1.1873894929885865,"z":0.5517798662185669},"rotation":{"x":-0.016290107741951944,"y":-0.22813847661018372,"z":0.004165916703641415,"w":-0.9736886024475098},"size":1.5240981578826905,"orthographic":false}