{"cameraMode":{"drawMode":0,"name":"Shaded","section":"Shading Mode"},"sceneLighting":true,"audioPlay":false,"sceneViewState":{"showFog":true,"showMaterialUpdate":true,"showSkybox":true,"showFlares":true,"showImageEffects":true,"showParticleSystems":true},"in2DMode":false,"pivot":{"x":2.097214698791504,"y":-19.568410873413087,"z":36.00693130493164},"rotation":{"x":0.25331705808639529,"y":0.02769418992102146,"z":-0.007615050300955772,"w":0.9671493768692017},"size":44.37227249145508,"orthographic":false}