{"cameraMode":{"drawMode":0,"name":"Shaded","section":"Shading Mode"},"sceneLighting":true,"audioPlay":false,"sceneViewState":{"showFog":true,"showMaterialUpdate":true,"showSkybox":true,"showFlares":true,"showImageEffects":true,"showParticleSystems":true},"in2DMode":false,"pivot":{"x":-2.023545742034912,"y":1.4218144416809083,"z":-0.5255537033081055},"rotation":{"x":0.22021037340164185,"y":-0.4116482138633728,"z":0.10000336915254593,"w":0.8790494799613953},"size":3.2838642597198488,"orthographic":false}