{"cameraMode":{"drawMode":0,"name":"Shaded","section":"Shading Mode"},"sceneLighting":false,"audioPlay":false,"sceneViewState":{"showFog":true,"showMaterialUpdate":true,"showSkybox":false,"showFlares":true,"showImageEffects":true,"showParticleSystems":true},"in2DMode":false,"pivot":{"x":0.6185985803604126,"y":1.1541495323181153,"z":0.3203311264514923},"rotation":{"x":-0.052784550935029986,"y":0.0020932976622134449,"z":-0.00011773542792070657,"w":-0.9986239075660706},"size":1.2847483158111573,"orthographic":false}