{"cameraMode":{"drawMode":0,"name":"Shaded","section":"Shading Mode"},"sceneLighting":true,"audioPlay":false,"sceneViewState":{"showFog":true,"showMaterialUpdate":true,"showSkybox":true,"showFlares":true,"showImageEffects":true,"showParticleSystems":true},"in2DMode":false,"pivot":{"x":-0.03536233305931091,"y":1.5499131679534913,"z":-0.21933934092521668},"rotation":{"x":-0.15858717262744904,"y":-0.380813330411911,"z":0.06646715104579926,"w":-0.9085443019866943},"size":2.9432921409606935,"orthographic":false}