{"cameraMode":{"drawMode":0,"name":"Shaded","section":"Shading Mode"},"sceneLighting":false,"audioPlay":false,"sceneViewState":{"showFog":true,"showMaterialUpdate":true,"showSkybox":false,"showFlares":true,"showImageEffects":true,"showParticleSystems":true},"in2DMode":false,"pivot":{"x":-0.3019999861717224,"y":0.502068281173706,"z":0.5889999866485596},"rotation":{"x":-0.49243754148483279,"y":-0.08795927464962006,"z":0.05010659992694855,"w":-0.8644472360610962},"size":1.1862919330596924,"orthographic":false}