{"cameraMode":{"drawMode":0,"name":"Shaded","section":"Shading Mode"},"sceneLighting":true,"audioPlay":false,"sceneViewState":{"showFog":true,"showMaterialUpdate":true,"showSkybox":true,"showFlares":true,"showImageEffects":true,"showParticleSystems":true},"in2DMode":false,"pivot":{"x":0.0743364691734314,"y":-0.1098589077591896,"z":0.7127642631530762},"rotation":{"x":0.3436608910560608,"y":-0.013050847686827183,"z":0.0015154511202126742,"w":0.9393730163574219},"size":3.1689720153808595,"orthographic":false}