{"cameraMode":{"drawMode":0,"name":"Shaded","section":"Shading Mode"},"sceneLighting":false,"audioPlay":false,"sceneViewState":{"showFog":true,"showMaterialUpdate":true,"showSkybox":false,"showFlares":true,"showImageEffects":true,"showParticleSystems":true},"in2DMode":false,"pivot":{"x":0.6006729602813721,"y":2.1556930541992189,"z":0.38395145535469057},"rotation":{"x":-0.03180290013551712,"y":0.005094214342534542,"z":-0.0001670018828008324,"w":-0.9994989633560181},"size":2.1847481727600099,"orthographic":false}