{"cameraMode":{"drawMode":0,"name":"Shaded","section":"Shading Mode"},"sceneLighting":true,"audioPlay":false,"sceneViewState":{"showFog":true,"showMaterialUpdate":true,"showSkybox":true,"showFlares":true,"showImageEffects":true,"showParticleSystems":true},"in2DMode":false,"pivot":{"x":0.6892831325531006,"y":1.4460904598236085,"z":0.9484716653823853},"rotation":{"x":0.13837838172912599,"y":0.05828843265771866,"z":-0.010752891190350056,"w":0.9889216423034668},"size":2.198572874069214,"orthographic":false}