{"cameraMode":{"drawMode":0,"name":"Shaded","section":"Shading Mode"},"sceneLighting":true,"audioPlay":false,"sceneViewState":{"showFog":true,"showMaterialUpdate":true,"showSkybox":true,"showFlares":true,"showImageEffects":true,"showParticleSystems":true},"in2DMode":false,"pivot":{"x":0.0699128657579422,"y":-0.6458072662353516,"z":0.8534861207008362},"rotation":{"x":0.4377743601799011,"y":0.027501685544848443,"z":-0.013415445573627949,"w":0.8986595869064331},"size":4.0854716300964359,"orthographic":false}