{"cameraMode":{"drawMode":0,"name":"Shaded","section":"Shading Mode"},"sceneLighting":true,"audioPlay":false,"sceneViewState":{"showFog":true,"showMaterialUpdate":true,"showSkybox":true,"showFlares":true,"showImageEffects":true,"showParticleSystems":true},"in2DMode":false,"pivot":{"x":-0.2376997470855713,"y":0.24215403199195863,"z":2.0031826496124269},"rotation":{"x":-0.2612394690513611,"y":0.014819318428635598,"z":-0.0037230595480650665,"w":-0.9652540683746338},"size":2.4141006469726564,"orthographic":false}