{"cameraMode":{"drawMode":0,"name":"Shaded","section":"Shading Mode"},"sceneLighting":false,"audioPlay":false,"sceneViewState":{"showFog":true,"showMaterialUpdate":true,"showSkybox":false,"showFlares":true,"showImageEffects":true,"showParticleSystems":true},"in2DMode":false,"pivot":{"x":0.3610000014305115,"y":0.16899998486042024,"z":0.9549999833106995},"rotation":{"x":-0.19987232983112336,"y":-0.02906365506350994,"z":0.006230446044355631,"w":-0.9794681072235107},"size":1.8150006532669068,"orthographic":false}