{"cameraMode":{"drawMode":0,"name":"Shaded","section":"Shading Mode"},"sceneLighting":true,"audioPlay":false,"sceneViewState":{"showFog":true,"showMaterialUpdate":true,"showSkybox":true,"showFlares":true,"showImageEffects":true,"showParticleSystems":true},"in2DMode":false,"pivot":{"x":0.07215500622987747,"y":0.9352675676345825,"z":0.4315938651561737},"rotation":{"x":0.08407638221979141,"y":0.054387349635362628,"z":-0.004884956870228052,"w":0.9950966238975525},"size":1.1762514114379883,"orthographic":false}