{"cameraMode":{"drawMode":0,"name":"Shaded","section":"Shading Mode"},"sceneLighting":true,"audioPlay":false,"sceneViewState":{"showFog":true,"showMaterialUpdate":true,"showSkybox":true,"showFlares":true,"showImageEffects":true,"showParticleSystems":true},"in2DMode":false,"pivot":{"x":-0.7044526934623718,"y":-1.0281167030334473,"z":-2.6844117641448976},"rotation":{"x":0.07537966221570969,"y":-0.9232147336006165,"z":0.2919735908508301,"w":0.23829613626003266},"size":7.487546443939209,"orthographic":false}