{"cameraMode":{"drawMode":0,"name":"Shaded","section":"Shading Mode"},"sceneLighting":true,"audioPlay":false,"sceneViewState":{"showFog":true,"showMaterialUpdate":true,"showSkybox":true,"showFlares":true,"showImageEffects":true,"showParticleSystems":true},"in2DMode":false,"pivot":{"x":0.5778144001960754,"y":0.5562162399291992,"z":2.6490437984466554},"rotation":{"x":0.34026509523391726,"y":-0.16358305513858796,"z":0.060174230486154559,"w":0.924065113067627},"size":2.5578839778900148,"orthographic":false}